<?xml version="1.0" encoding="iso-8859-1"?>
<install type="module" version="1.5.0" method="upgrade">
    <name>ExtraWatch Visitors</name>
    <author>Matej Koval - http://www.codegravity.com</author>
    <creationDate>@YEAR@</creationDate>
    <copyright>www.codegravity.com</copyright>
    <license>http://www.gnu.org/licenses/gpl-3.0.txt GNU/GPLv3</license>
    <authorEmail>foo@codegravity.com</authorEmail>
    <authorUrl>www.codegravity.com</authorUrl>
    <version>@VERSION@.@REVISION@</version>
    <description>
        INSTRUCTIONS: This module inserts a small statistical information about where did the visitors came from
        (Countries) and also some information about amount of visits for today, yesterday, this week, last week, this
        month and total. It's best to publish it somewhere on the left or right side of your website.
    </description>
    <files>
        <filename module="mod_extrawatch_visitors">mod_extrawatch_visitors.php</filename>
    </files>
    <config>
        <fields name="params">
            <fieldset name="basic" label="Module Parameters" description="Module settings">
                <field name="moduleclass_sfx" type="text" default="" label="Module Class Suffix"
                       description="Module class suffix"></field>
            </fieldset>
        </fields>
    </config>
    <updateservers>
        <server type="extension" priority="1" name="ExtraWatch Update Site">
            http://www.codegravity.com/update/extrawatch/extrawatch-update.xml
        </server>
    </updateservers>
</install>
